{
	"format_version": "1.12.0",
	"minecraft:geometry": [
		{
			"description": {
				"identifier": "geometry.finn",
				"texture_width": 64,
				"texture_height": 64,
				"visible_bounds_width": 3,
				"visible_bounds_height": 3,
				"visible_bounds_offset": [0, 1.5, 0]
			},
			"bones": [
				{
					"name": "all",
					"pivot": [0, 0, 0]
				},
				{
					"name": "ball",
					"parent": "all",
					"pivot": [0.1, 0.5, -3.5]
				},
				{
					"name": "root",
					"parent": "all",
					"pivot": [0, 0, 0]
				},
				{
					"name": "waist",
					"parent": "root",
					"pivot": [0, 11.5, -0.75],
					"rotation": [0, -25, -5]
				},
				{
					"name": "body",
					"parent": "waist",
					"pivot": [0, 23.5, -0.75],
					"rotation": [0, -10, 0],
					"cubes": [
						{"origin": [-4, 11.5, -2.75], "size": [8, 12, 4], "uv": [0, 19]},
						{"origin": [-2.9, 20, -3.25], "size": [1, 4, 5], "uv": [48, 0]},
						{"origin": [-5.75, 18.15, -3.25], "size": [1, 2, 5], "pivot": [-3.65, 18.9, -0.75], "rotation": [0, 0, 90], "uv": [48, 9]},
						{"origin": [-5.75, 24.95, -3.25], "size": [1, 2, 5], "pivot": [-3.65, 18.9, -0.75], "rotation": [0, 0, 90], "uv": [48, 9]},
						{"origin": [1.9, 20, -3.25], "size": [1, 4, 5], "uv": [48, 0]},
						{"origin": [-3, 15.5, 1.25], "size": [6, 7, 3], "uv": [36, 32]}
					]
				},
				{
					"name": "head",
					"parent": "body",
					"pivot": [0, 23.5, -0.75],
					"rotation": [3.35519, 33.94303, 5.21278],
					"cubes": [
						{"origin": [-4, 23.5, -4.75], "size": [8, 8, 8], "inflate": 0.25, "uv": [0, 0]},
						{"origin": [-4, 23.5, -4.75], "size": [8, 8, 8], "uv": [28, 42]},
						{"origin": [-4, 31.5, -1.75], "size": [2, 1, 2], "uv": [24, 3]},
						{"origin": [2, 31.5, -1.75], "size": [2, 1, 2], "uv": [0, 5]}
					]
				},
				{
					"name": "leftArm",
					"parent": "body",
					"pivot": [4.75, 21, -2.25],
					"rotation": [-14.9055, -2.49762, 45.66713],
					"cubes": [
						{"origin": [3.75, 11, -3.25], "size": [4, 12, 4], "uv": [0, 35]}
					]
				},
				{
					"name": "rightArm",
					"parent": "body",
					"pivot": [-5.6, 21.1, -1.1],
					"rotation": [-24.24769, -6.27967, -13.64973],
					"cubes": [
						{"origin": [-8, 11.5, -2.5], "size": [4, 12, 4], "uv": [0, 35], "mirror": true}
					]
				},
				{
					"name": "sword",
					"parent": "rightArm",
					"pivot": [-4.5, 12, -2.75],
					"rotation": [7.0094, 14.21278, 26.91816],
					"cubes": [
						{"origin": [-5, 11.5, -3.75], "size": [1, 1, 4], "uv": [40, 16]},
						{"origin": [-5.5, 10, -4.75], "size": [2, 4, 1], "uv": [0, 0]},
						{"origin": [-4.5, 10.5, -17.75], "size": [0, 3, 13], "uv": [0, 3]}
					]
				},
				{
					"name": "leftLeg",
					"parent": "root",
					"pivot": [1.9, 12, 0.25],
					"rotation": [33.04108, -44.37717, -24.84782],
					"cubes": [
						{"origin": [0, 0, -1.75], "size": [4, 12, 4], "uv": [32, 0]},
						{"origin": [-0.5, 3, -2.25], "size": [5, 1, 5], "uv": [40, 26]},
						{"origin": [0, 0, -2.75], "size": [4, 2, 1], "uv": [40, 21]}
					]
				},
				{
					"name": "rightLeg",
					"parent": "root",
					"pivot": [-1.9, 12, -2],
					"rotation": [5, 0, 0],
					"cubes": [
						{"origin": [-4, 0, -4], "size": [4, 12, 4], "uv": [24, 16]},
						{"origin": [-4.5, 3, -4.5], "size": [5, 1, 5], "uv": [40, 26], "mirror": true},
						{"origin": [-4, 0, -5], "size": [4, 2, 1], "uv": [24, 0]}
					]
				}
			]
		}
	]
}